cpt,total_count,association,resolveFroms
31081,7,1.0
J2704,7,1.0
0636,7,1.0
0360,7,1.0
0272,6,0.8571428571428571
J2001,5,0.7142857142857143
J3010,5,0.7142857142857143
J2250,5,0.7142857142857143
J1170,5,0.7142857142857143
21256,5,0.7142857142857143
0250,5,0.7142857142857143
0370,5,0.7142857142857143
0270,5,0.7142857142857143
J2405,4,0.5714285714285714
J3490,4,0.5714285714285714
J7120,4,0.5714285714285714
C1713,3,0.42857142857142855
0278,3,0.42857142857142855
67900,3,0.42857142857142855
J1230,3,0.42857142857142855
21139,3,0.42857142857142855
J0585,3,0.42857142857142855
64612,3,0.42857142857142855
J0690,3,0.42857142857142855
J1100,2,0.2857142857142857
G0378,2,0.2857142857142857
J2370,2,0.2857142857142857
0762,2,0.2857142857142857
21198,2,0.2857142857142857
30410,2,0.2857142857142857
A9270,2,0.2857142857142857
0710,2,0.2857142857142857
0300,2,0.2857142857142857
21137,2,0.2857142857142857
J2270,1,0.14285714285714285
J2550,1,0.14285714285714285
21406,1,0.14285714285714285
21338,1,0.14285714285714285
21344,1,0.14285714285714285
31750,1,0.14285714285714285
J1650,1,0.14285714285714285
84443,1,0.14285714285714285
85027,1,0.14285714285714285
C9358,1,0.14285714285714285
88305,1,0.14285714285714285
61619,1,0.14285714285714285
80048,1,0.14285714285714285
70450,1,0.14285714285714285
15770,1,0.14285714285714285
36415,1,0.14285714285714285
J1644,1,0.14285714285714285
A4216,1,0.14285714285714285
87493,1,0.14285714285714285
0306,1,0.14285714285714285
0305,1,0.14285714285714285
0301,1,0.14285714285714285
0312,1,0.14285714285714285
0351,1,0.14285714285714285
20926,1,0.14285714285714285
21125,1,0.14285714285714285
86920,1,0.14285714285714285
86901,1,0.14285714285714285
86850,1,0.14285714285714285
30400,1,0.14285714285714285
21127,1,0.14285714285714285
21121,1,0.14285714285714285
14040,1,0.14285714285714285
15876,1,0.14285714285714285
J8501,1,0.14285714285714285
J2920,1,0.14285714285714285
J2765,1,0.14285714285714285
31899,1,0.14285714285714285
J1885,1,0.14285714285714285
