cpt,total_count,association,resolveFroms
15920,11,1.5714285714285714,94200|11042|96365|96376
0360,6,0.8571428571428571
87070,4,0.5714285714285714
87075,4,0.5714285714285714
88311,4,0.5714285714285714
0710,4,0.5714285714285714
0250,4,0.5714285714285714
0370,4,0.5714285714285714
0272,4,0.5714285714285714
0636,4,0.5714285714285714
87205,2,0.2857142857142857
88304,2,0.2857142857142857
0306,2,0.2857142857142857
0312,2,0.2857142857142857
J3370,2,0.2857142857142857
0460,2,0.2857142857142857
0410,2,0.2857142857142857
J3010,2,0.2857142857142857
88307,2,0.2857142857142857
0270,2,0.2857142857142857
87186,2,0.2857142857142857
87077,2,0.2857142857142857
J2704,2,0.2857142857142857
0310,2,0.2857142857142857
0300,2,0.2857142857142857
J2405,2,0.2857142857142857
J0690,2,0.2857142857142857
94664,2,0.2857142857142857,G0463
87176,1,0.14285714285714285
94760,1,0.14285714285714285
G0378,1,0.14285714285714285
0762,1,0.14285714285714285
J0330,1,0.14285714285714285
J2370,1,0.14285714285714285
J7050,1,0.14285714285714285
80051,1,0.14285714285714285
80053,1,0.14285714285714285
85025,1,0.14285714285714285
94640,1,0.14285714285714285
84520,1,0.14285714285714285
82565,1,0.14285714285714285
J2250,1,0.14285714285714285
87015,1,0.14285714285714285
87102,1,0.14285714285714285
36415,1,0.14285714285714285
A9270,1,0.14285714285714285
87181,1,0.14285714285714285
J2765,1,0.14285714285714285
J7040,1,0.14285714285714285
15931,1,0.14285714285714285
0637,1,0.14285714285714285
Q9968,1,0.14285714285714285
85027,1,0.14285714285714285
85652,1,0.14285714285714285
J2710,1,0.14285714285714285
J1200,1,0.14285714285714285
J1100,1,0.14285714285714285
86140,1,0.14285714285714285
94761,1,0.14285714285714285
15734,1,0.14285714285714285
0940,1,0.14285714285714285
0260,1,0.14285714285714285
0255,1,0.14285714285714285
15940,1,0.14285714285714285
10140,1,0.14285714285714285
J7030,1,0.14285714285714285
J7120,1,0.14285714285714285
0258,1,0.14285714285714285
97605,1,0.14285714285714285
0761,1,0.14285714285714285
