cpt,total_count,association,resolveFroms
63610,33,2.357142857142857,96361|93005|96374|96360|96375
01850,13,0.9285714285714286,99285|99284|99283
0636,12,0.8571428571428571
0450,11,0.7857142857142857
0300,11,0.7857142857142857
36415,7,0.5
50250,7,0.5
0305,7,0.5
0301,7,0.5
85025,7,0.5
80307,7,0.5,81001|81003
63740,6,0.42857142857142855
80048,5,0.35714285714285715
00530,5,0.35714285714285715
0730,5,0.35714285714285715
0250,4,0.2857142857142857
0260,4,0.2857142857142857
0307,4,0.2857142857142857
0324,4,0.2857142857142857
J2405,4,0.2857142857142857
84484,4,0.2857142857142857
70450,4,0.2857142857142857
0351,4,0.2857142857142857
0272,3,0.21428571428571427
63600,3,0.21428571428571427
80053,3,0.21428571428571427
0360,3,0.21428571428571427
80156,2,0.14285714285714285
20600,2,0.14285714285714285
J0696,2,0.14285714285714285
71045,2,0.14285714285714285
J7030,2,0.14285714285714285
83690,2,0.14285714285714285
C1897,2,0.14285714285714285
J2704,2,0.14285714285714285
0278,2,0.14285714285714285
J2250,2,0.14285714285714285
0710,2,0.14285714285714285
0320,2,0.14285714285714285
0370,2,0.14285714285714285
25500,2,0.14285714285714285
83735,2,0.14285714285714285
71020,2,0.14285714285714285
0306,2,0.14285714285714285
85027,1,0.07142857142857142
63650,1,0.07142857142857142
85007,1,0.07142857142857142
Q0162,1,0.07142857142857142
01620,1,0.07142857142857142
85610,1,0.07142857142857142
81025,1,0.07142857142857142
85379,1,0.07142857142857142
80320,1,0.07142857142857142
J3370,1,0.07142857142857142
0259,1,0.07142857142857142
86850,1,0.07142857142857142
86901,1,0.07142857142857142
J3010,1,0.07142857142857142
82962,1,0.07142857142857142
00630,1,0.07142857142857142
72070,1,0.07142857142857142
86900,1,0.07142857142857142
0258,1,0.07142857142857142
0964,1,0.07142857142857142
82550,1,0.07142857142857142
71046,1,0.07142857142857142
A9270,1,0.07142857142857142
84702,1,0.07142857142857142
74251,1,0.07142857142857142
87426,1,0.07142857142857142
70496,1,0.07142857142857142
Q9967,1,0.07142857142857142
70498,1,0.07142857142857142
J3360,1,0.07142857142857142
70551,1,0.07142857142857142
0610,1,0.07142857142857142
J2270,1,0.07142857142857142
87077,1,0.07142857142857142
87186,1,0.07142857142857142
74176,1,0.07142857142857142
87086,1,0.07142857142857142
0352,1,0.07142857142857142
J1885,1,0.07142857142857142
80306,1,0.07142857142857142
C9803,1,0.07142857142857142
74260,1,0.07142857142857142
25530,1,0.07142857142857142
70300,1,0.07142857142857142
