cpt,total_count,association,resolveFroms
27894,22,1.1578947368421053,93005|64447
0360,19,1.0
0636,16,0.8421052631578947
J2405,15,0.7894736842105263
J0690,15,0.7894736842105263
J3010,14,0.7368421052631579
J2704,13,0.6842105263157895
J2250,10,0.5263157894736842
J7120,9,0.47368421052631576
0301,8,0.42105263157894735
J1100,8,0.42105263157894735
81025,8,0.42105263157894735
J2001,7,0.3684210526315789
0250,7,0.3684210526315789
J1885,6,0.3157894736842105
0370,6,0.3157894736842105
0710,6,0.3157894736842105
0300,5,0.2631578947368421
0272,5,0.2631578947368421
J0131,4,0.21052631578947367
0258,4,0.21052631578947367
0278,4,0.21052631578947367
80053,4,0.21052631578947367,80048|82947
J0330,3,0.15789473684210525
0259,3,0.15789473684210525
0270,3,0.15789473684210525
82962,3,0.15789473684210525
36415,3,0.15789473684210525
J2765,3,0.15789473684210525
0307,3,0.15789473684210525
J1170,3,0.15789473684210525
94760,3,0.15789473684210525,99285|99284
J2710,2,0.10526315789473684
J2370,2,0.10526315789473684
J3490,2,0.10526315789473684
85730,2,0.10526315789473684
36416,2,0.10526315789473684
85610,2,0.10526315789473684
85025,2,0.10526315789473684
83036,2,0.10526315789473684
0305,2,0.10526315789473684
0730,2,0.10526315789473684
0302,2,0.10526315789473684
0450,2,0.10526315789473684
C1762,2,0.10526315789473684
C1713,2,0.10526315789473684
64999,1,0.05263157894736842
80047,1,0.05263157894736842
J2270,1,0.05263157894736842
14020,1,0.05263157894736842
J2795,1,0.05263157894736842
24495,1,0.05263157894736842
27685,1,0.05263157894736842
27606,1,0.05263157894736842
01470,1,0.05263157894736842
84702,1,0.05263157894736842
J7799,1,0.05263157894736842
J8499,1,0.05263157894736842
27892,1,0.05263157894736842
J8501,1,0.05263157894736842
A4649,1,0.05263157894736842
82550,1,0.05263157894736842
J7030,1,0.05263157894736842
J3480,1,0.05263157894736842
73700,1,0.05263157894736842
J3420,1,0.05263157894736842
A9270,1,0.05263157894736842
G0378,1,0.05263157894736842
0637,1,0.05263157894736842
0762,1,0.05263157894736842
0352,1,0.05263157894736842
S0020,1,0.05263157894736842
C9290,1,0.05263157894736842
11750,1,0.05263157894736842
28200,1,0.05263157894736842
27427,1,0.05263157894736842
J2360,1,0.05263157894736842
29888,1,0.05263157894736842
0460,1,0.05263157894736842
0361,1,0.05263157894736842
J1815,1,0.05263157894736842
93925,1,0.05263157894736842
0921,1,0.05263157894736842
J1240,1,0.05263157894736842
