cpt,total_count,association,resolveFroms
65125,9,1.0
0360,9,1.0
J3010,8,0.8888888888888888
0636,8,0.8888888888888888
J2250,6,0.6666666666666666
J2405,6,0.6666666666666666
0250,5,0.5555555555555556
J1100,5,0.5555555555555556
0710,4,0.4444444444444444
0258,4,0.4444444444444444
0370,4,0.4444444444444444
J0690,4,0.4444444444444444
0278,4,0.4444444444444444
J2704,4,0.4444444444444444
0270,3,0.3333333333333333
82962,3,0.3333333333333333
J2001,2,0.2222222222222222
J7120,2,0.2222222222222222
84295,2,0.2222222222222222
85014,2,0.2222222222222222
82435,2,0.2222222222222222
82947,2,0.2222222222222222
84520,2,0.2222222222222222
0300,2,0.2222222222222222
84703,2,0.2222222222222222
81025,2,0.2222222222222222
J3490,2,0.2222222222222222
0301,2,0.2222222222222222
0637,2,0.2222222222222222
0307,2,0.2222222222222222
67917,2,0.2222222222222222,15822
92134,1,0.1111111111111111
V2632,1,0.1111111111111111
66988,1,0.1111111111111111
J1200,1,0.1111111111111111
66682,1,0.1111111111111111
65820,1,0.1111111111111111
0276,1,0.1111111111111111
0920,1,0.1111111111111111
L8614,1,0.1111111111111111
J2710,1,0.1111111111111111
J0360,1,0.1111111111111111
J8501,1,0.1111111111111111
C1762,1,0.1111111111111111
J1580,1,0.1111111111111111
J1170,1,0.1111111111111111
C9399,1,0.1111111111111111
C1889,1,0.1111111111111111
84132,1,0.1111111111111111
A9270,1,0.1111111111111111
88304,1,0.1111111111111111
J2765,1,0.1111111111111111
J2370,1,0.1111111111111111
0312,1,0.1111111111111111
11443,1,0.1111111111111111
L8690,1,0.1111111111111111
67904,1,0.1111111111111111
J1885,1,0.1111111111111111
67921,1,0.1111111111111111
67113,1,0.1111111111111111
C1814,1,0.1111111111111111
0259,1,0.1111111111111111
0272,1,0.1111111111111111
