cpt,total_count,association,resolveFroms
21260,6,1.0
0636,5,0.8333333333333334
0250,4,0.6666666666666666
J3010,3,0.5
J2250,3,0.5
J1100,3,0.5
J2405,3,0.5
0360,3,0.5
0300,3,0.5
0258,3,0.5
81025,2,0.3333333333333333
J0690,2,0.3333333333333333
J2704,2,0.3333333333333333
0307,2,0.3333333333333333
0306,2,0.3333333333333333
0450,2,0.3333333333333333
0305,2,0.3333333333333333
0301,2,0.3333333333333333
0302,2,0.3333333333333333
0424,2,0.3333333333333333
0121,2,0.3333333333333333
0324,2,0.3333333333333333
0710,2,0.3333333333333333
0370,2,0.3333333333333333
J2001,1,0.16666666666666666
J0131,1,0.16666666666666666
15004,1,0.16666666666666666
67935,1,0.16666666666666666
J1170,1,0.16666666666666666
68815,1,0.16666666666666666
J7030,1,0.16666666666666666
0483,1,0.16666666666666666
0730,1,0.16666666666666666
0801,1,0.16666666666666666
0460,1,0.16666666666666666
0410,1,0.16666666666666666
0352,1,0.16666666666666666
J2765,1,0.16666666666666666
15732,1,0.16666666666666666
A9270,1,0.16666666666666666
0637,1,0.16666666666666666
0272,1,0.16666666666666666
J2270,1,0.16666666666666666
J3490,1,0.16666666666666666
J1200,1,0.16666666666666666
J8501,1,0.16666666666666666
30540,1,0.16666666666666666
0270,1,0.16666666666666666
0420,1,0.16666666666666666
0350,1,0.16666666666666666
0402,1,0.16666666666666666
