cpt,total_count,association,resolveFroms
21084,7,1.0
0361,3,0.42857142857142855
0360,2,0.2857142857142857
31591,1,0.14285714285714285
J2001,1,0.14285714285714285
J7040,1,0.14285714285714285
J3010,1,0.14285714285714285
J2250,1,0.14285714285714285
C1878,1,0.14285714285714285
J1100,1,0.14285714285714285
L8699,1,0.14285714285714285
0278,1,0.14285714285714285
0636,1,0.14285714285714285
G0300,1,0.14285714285714285
22193,1,0.14285714285714285
Q5001,1,0.14285714285714285
22196,1,0.14285714285714285
22199,1,0.14285714285714285
20894,1,0.14285714285714285
20897,1,0.14285714285714285
21530,1,0.14285714285714285
G0299,1,0.14285714285714285
22197,1,0.14285714285714285
21459,1,0.14285714285714285
20896,1,0.14285714285714285
21528,1,0.14285714285714285
22198,1,0.14285714285714285
21086,1,0.14285714285714285
21529,1,0.14285714285714285
21464,1,0.14285714285714285
G0156,1,0.14285714285714285
22192,1,0.14285714285714285
21461,1,0.14285714285714285
20895,1,0.14285714285714285
21532,1,0.14285714285714285
21085,1,0.14285714285714285
22195,1,0.14285714285714285
0651,1,0.14285714285714285
0250,1,0.14285714285714285
0551,1,0.14285714285714285
0571,1,0.14285714285714285
0761,1,0.14285714285714285
