cpt,total_count,association,resolveFroms
69676,11,1.0
0636,11,1.0
0360,11,1.0
J2704,10,0.9090909090909091
J2405,10,0.9090909090909091
J1100,9,0.8181818181818182
J3010,7,0.6363636363636364
J0171,6,0.5454545454545454
J2250,5,0.45454545454545453
J1885,5,0.45454545454545453
J7120,4,0.36363636363636365
J0330,4,0.36363636363636365
J2370,4,0.36363636363636365
J3490,3,0.2727272727272727
0370,3,0.2727272727272727
69631,3,0.2727272727272727
0710,3,0.2727272727272727
0250,3,0.2727272727272727
0272,3,0.2727272727272727
J0690,3,0.2727272727272727
0278,3,0.2727272727272727
J0131,2,0.18181818181818182
84132,2,0.18181818181818182
69641,2,0.18181818181818182
J2710,2,0.18181818181818182
21235,2,0.18181818181818182
J2550,2,0.18181818181818182
00170,1,0.09090909090909091
42830,1,0.09090909090909091
0252,1,0.09090909090909091
0301,1,0.09090909090909091
J1815,1,0.09090909090909091
J8501,1,0.09090909090909091
0258,1,0.09090909090909091
69646,1,0.09090909090909091
J1170,1,0.09090909090909091
C1729,1,0.09090909090909091
L8613,1,0.09090909090909091
P9041,1,0.09090909090909091
31526,1,0.09090909090909091
A9150,1,0.09090909090909091
J8499,1,0.09090909090909091
A4216,1,0.09090909090909091
81025,1,0.09090909090909091
0307,1,0.09090909090909091
84295,1,0.09090909090909091
J2270,1,0.09090909090909091
69801,1,0.09090909090909091
85014,1,0.09090909090909091
85018,1,0.09090909090909091
J1570,1,0.09090909090909091
0300,1,0.09090909090909091
J1200,1,0.09090909090909091
J7030,1,0.09090909090909091
A4649,1,0.09090909090909091
69645,1,0.09090909090909091
J2765,1,0.09090909090909091
88304,1,0.09090909090909091
88311,1,0.09090909090909091
0251,1,0.09090909090909091
0310,1,0.09090909090909091
