cpt,total_count,association,resolveFroms
27098,15,1.6666666666666667,96372|64483|64484|64450|64493
0636,5,0.5555555555555556
27096,5,0.5555555555555556,77002
0360,4,0.4444444444444444
0760,4,0.4444444444444444
J3010,3,0.3333333333333333
J1100,3,0.3333333333333333
J2405,3,0.3333333333333333
27062,3,0.3333333333333333,64494
J7120,2,0.2222222222222222
0250,2,0.2222222222222222
0301,2,0.2222222222222222
J0690,2,0.2222222222222222
J2704,2,0.2222222222222222
J1885,2,0.2222222222222222
0278,2,0.2222222222222222
J1030,2,0.2222222222222222
J2765,1,0.1111111111111111
82948,1,0.1111111111111111
J2710,1,0.1111111111111111
J0780,1,0.1111111111111111
0272,1,0.1111111111111111
85025,1,0.1111111111111111
73501,1,0.1111111111111111
C1713,1,0.1111111111111111
86900,1,0.1111111111111111
J0171,1,0.1111111111111111
86901,1,0.1111111111111111
80048,1,0.1111111111111111
97150,1,0.1111111111111111
97535,1,0.1111111111111111
86850,1,0.1111111111111111
J1720,1,0.1111111111111111
94760,1,0.1111111111111111
G0237,1,0.1111111111111111
97166,1,0.1111111111111111
97116,1,0.1111111111111111
27299,1,0.1111111111111111
85610,1,0.1111111111111111
J2795,1,0.1111111111111111
97162,1,0.1111111111111111
A4565,1,0.1111111111111111
J2274,1,0.1111111111111111
0305,1,0.1111111111111111
0320,1,0.1111111111111111
0637,1,0.1111111111111111
0460,1,0.1111111111111111
0710,1,0.1111111111111111
0258,1,0.1111111111111111
0430,1,0.1111111111111111
0434,1,0.1111111111111111
0270,1,0.1111111111111111
0302,1,0.1111111111111111
0424,1,0.1111111111111111
0420,1,0.1111111111111111
0423,1,0.1111111111111111
0370,1,0.1111111111111111
J2001,1,0.1111111111111111
J1040,1,0.1111111111111111
0361,1,0.1111111111111111
J0131,1,0.1111111111111111
C1762,1,0.1111111111111111
J3490,1,0.1111111111111111
J2250,1,0.1111111111111111
C9399,1,0.1111111111111111
J7030,1,0.1111111111111111
C9290,1,0.1111111111111111
G0378,1,0.1111111111111111
0762,1,0.1111111111111111
